Source:,C:\Users\matth\Documents\GitHub\Openmower-for-Landroid-WR141E\Hardware\OM_Landroid_MB\OM Landroid MB.kicad_sch,,,,,,,,,,
Date:,28/11/2023 14:37,,,,,,,,,,
Tool:,Eeschema 7.0.8,,,,,,,,,,
Generator:,C:\Program Files\KiCad\7.0\bin\scripting\plugins/bom_csv_grouped_by_value_with_fp.py,,,,,,,,,,
Component Count:,136,,,,,,,,,,
Ref,Qnty,Value, Price ea , Total ,Vendor,Part No,Cmp name,Footprint,Description,Vendor,DNP
AC1201,1,LSM6DSOTR, € 6.63 , € 6.63 ,Digikey,497-18367-1-ND,LSM6DSOTR,MyModules:LGA-14_2.5X3X0.86_,IMUs - Inertial Measurement Units iNEMO inertial module: 3D accelerometer and 3D gyroscope,,
"C1, C5, C25",3,100nF, € 0.09 , € 0.27 ,Digikey,1276-1003-1-ND,C,Capacitor_SMD:C_0805_2012Metric_Pad1.18x1.45mm_HandSolder,Unpolarized capacitor ,,
"C2, C4, C7, C8,C6,C3",6,220uF, € 1.33 , € 7.98 ,Digikey,10-EEH-AZA1V221BCT-ND,C_Polarized,Capacitor_THT:CP_Radial_D10.0mm_P5.00mm,Polarized capacitor LCSC 220uF 63V ,,
"C9, C23",2,680uF, € 2.47 , € 4.94 ,Digikey,10-EEH-ZS1V681UPCT-ND,C_Polarized,Capacitor_SMD:CP_Elec_10x10.5,(LCSC 680uF 35V) Polarized capacitor SMD 10.30x10.30,,
"C11, C12",2,4.7uF, € 0.28 , € 0.56 ,Digikey,1276-3179-1-nd,C,Capacitor_SMD:C_1206_3216Metric,Unpolarized capacitor,,
"C13, C14",2,1uF, € 0.10 , € 0.20 ,Digikey,1276-1029-1-nd,C,Capacitor_SMD:C_0805_2012Metric,Unpolarized capacitor,,
"C15, C18, C19, C24, C26",5,0.1uF, € 0.09 , € 0.45 ,Digikey,1276-1935-1-nd,C,Capacitor_SMD:C_0603_1608Metric,Unpolarized capacitor,,
"C16, C20, C21, C22",4,22uF, € 0.32 , € 1.28 ,Digikey,1276-3148-1-nd,C,Capacitor_SMD:C_1206_3216Metric,Unpolarized capacitor,,
C17,1,2.2uF, € 0.17 , € 0.17 ,Digikey,1276-1183-1-nd,C,Capacitor_SMD:C_0603_1608Metric,Unpolarized capacitor,,
D1,1,D_Schottky,, € -   ,,,D_Schottky,Diode_SMD:D_SOD-123F,60V 1A Schottky diode (LCSC Discontinued),,
"D4, D5, D6, D7, D8, D9, D10, D11, D12",9,DNP,, € -   ,,,D_TVS,Diode_SMD:D_SMB,Bidirectional transient-voltage-suppression diode,,
"D13, D14",2,DNP,, € -   ,,,D_Zener,Diode_SMD:D_SOD-123F,Zener diode,,
"D18, D19, D20",3,DNP,, € -   ,,,D_TVS,Diode_SMD:D_SMA,Bidirectional transient-voltage-suppression diode,,
D23,1,LED, € 0.18 , € 0.18 ,Digikey,732-4983-1-ND,LED Green,LED_SMD:LED_0805_2012Metric,Light emitting diode,,
D25,1,WS2812B, € 0.57 , € 0.57 ,Digikey,1568-COM-16347CT-ND,WS2812B,LED_SMD:LED_WS2812B_PLCC4_5.0x5.0mm_P3.2mm,RGB LED with integrated controller,,
"F2, F4",2,Fuse,, € -   ,,,Fuse,MyModules:Fuseholder5x20_horiz_open_inline_Type-I,Fuse,,
IC1,1,"74ALVC164245DGG,11", € 1.00 , € 1.00 ,Digikey,1727-4290-1-ND,"74ALVC164245DGG,11",74ALVC164245DGG:SOP50P810X120-48N 48-TFSOP,74ALVC164245 - 16-bit dual supply translating transceiver; 3-state@en-us,,
IC2,1,TSC101CILT, € 2.03 , € 2.03 ,Digikey,497-6947-1-ND,TSC101CILT,TSC101CILT:SOT95P280X145-5N,"TSC101CILT, Current Sensing Amplifier Single 5-Pin SOT-23",,
IC3,1,MAX20405AFOC_VY+, € 4.16 , € 4.16 ,Digikey,175-MAX20405AFOC/VY+-ND,MAX20405AFOC_VY+T,MAX2040:MAX2040,36V 4A/5A/6A Sync Low Iq Buck Converter in P90,,
J1,1,Conn_01x02_Pin,,,,,Conn_01x02_Pin,Connector_JST:JST_XH_B2B-XH-AM_1x02_P2.50mm_Vertical,"Generic connector, single row, 01x02, script generated",,
J2,1,Conn_02x03_Top_Bottom, € 1.56 , € 1.56 ,Digikey,A107227-ND,Conn_02x03_Odd_Even,Landroid_Motor_Conn:TE_179841,"Generic connector, double row, 02x03, odd/even pin numbering scheme (row 1 odd numbers, row 2 even numbers), script generated (kicad-library-utils/schlib/autogen/connector/)",,
"J5, J6, J19",3,Conn_01x04,,,,,Conn_01x04,Connector_JST:JST_XH_B4B-XH-A_1x04_P2.50mm_Vertical,"Generic connector, single row, 01x04, script generated (kicad-library-utils/schlib/autogen/connector/)",,
"J11, J12, J13, J14",4,Conn_01x03_Male,,,,,Conn_01x03_Male,Connector_JST:JST_XH_B3B-XH-A_1x03_P2.50mm_Vertical,"Generic connector, single row, 01x03, script generated (kicad-library-utils/schlib/autogen/connector/)",,
"J15, J25, J27, J31, J33, J35, J39, J41, J43",9,Conn_02x02_Female,,,,,Conn_02x02_Counter_Clockwise,,"Generic connector, double row, 02x02, counter clockwise pin numbering scheme (similar to DIP packge numbering), script generated (kicad-library-utils/schlib/autogen/connector/)",,
J17,1,Conn_01x02,,,,,Conn_01x02,Connector_JST:JST_XH_B2B-XH-A_1x02_P2.50mm_Vertical,"Generic connector, single row, 01x02, script generated (kicad-library-utils/schlib/autogen/connector/)",,
J21,1,Extended GPIO Header Female, € 2.13 , € 2.13 ,Digikey,1568-PRT-16764-ND,Raspberry_Pi_2_3,Connector_PinSocket_2.54mm:PinSocket_2x20_P2.54mm_Vertical Elevated Through hole,expansion header for Raspberry Pi 2 & 3,,
J22,1,Conn_02x04_Odd_Even,,,,,Conn_02x04_Odd_Even,Connector_PinHeader_2.54mm:PinHeader_2x04_P2.54mm_Vertical,"Generic connector, double row, 02x04, odd/even pin numbering scheme (row 1 odd numbers, row 2 even numbers), script generated (kicad-library-utils/schlib/autogen/connector/)",,
"J24, J26, J32, J34, J40, J42, J47",7,Conn_01x06_Female,,,,,Conn_01x06_Female,,"Generic connector, single row, 01x06, script generated (kicad-library-utils/schlib/autogen/connector/)",,
"J28, J29, J36, J37, J44, J45",6,Conn_01x05_Female,,,,,Conn_01x05_Female,,"Generic connector, single row, 01x05, script generated (kicad-library-utils/schlib/autogen/connector/)",,
"J30, J38, J46",3,Conn_01x09_Female,,,,,Conn_01x09_Female,,"Generic connector, single row, 01x09, script generated (kicad-library-utils/schlib/autogen/connector/)",,
"J48, J49",2,Conn_01x08_Female,,,,,Conn_01x08_Female,,"Generic connector, single row, 01x08, script generated (kicad-library-utils/schlib/autogen/connector/)",,
J50,1,Conn_01x10_Female,,,,,Conn_01x10_Female,,"Generic connector, single row, 01x10, script generated (kicad-library-utils/schlib/autogen/connector/)",,
J51,1,Conn_01x05_Socket,,,,,Conn_01x04_Socket,Connector_JST:JST_XH_B4B-XH-AM_1x04_P2.50mm_Vertical,"Generic connector, single row, 01x04, script generated",,
J52,1,Conn_01x05_Socket,,,,,Conn_01x05_Socket,Connector_JST:JST_XH_B5B-XH-A_1x05_P2.50mm_Vertical,"Generic connector, single row, 01x05, script generated",,
J53,1,Conn_01x04_Socket,,,,,Conn_01x04_Socket,Connector_JST:JST_XH_B4B-XH-AM_1x04_P2.50mm_Vertical,"Generic connector, single row, 01x04, script generated",,
JC1,1,Conn_01x03_Pin, € 0.98 , € 0.98 ,Digikey,A107226-ND,Conn_01x03_Pin,Landroid_Motor_Conn:TE_179839,"Generic connector, single row, 01x03, script generated",,
JL1,1,Conn_01x03_Pin, € 0.98 , € 0.98 ,Digikey,A107226-ND,Conn_01x03_Pin,Landroid_Motor_Conn:TE_179839,"Generic connector, single row, 01x03, script generated",,
JP6,1,SolderJumper_2_Bridged, € -   ,,pcbway,,SolderJumper_2_Bridged,Jumper:SolderJumper-2_P1.3mm_Bridged_RoundedPad1.0x1.5mm,"Solder Jumper, 2-pole, closed/bridged",,
JP9,1,SolderJumper_2_Open, € -   ,,pcbway,,SolderJumper_2_Open,Jumper:SolderJumper-2_P1.3mm_Open_RoundedPad1.0x1.5mm,"Solder Jumper, 2-pole, open",,
JP12,1,SolderJumper_3_Bridged12, € -   ,,pcbway,,SolderJumper_3_Bridged12,Jumper:SolderJumper-3_P1.3mm_Bridged12_Pad1.0x1.5mm,"3-pole Solder Jumper, pins 1+2 closed/bridged",,
JR1,1,Conn_01x03_Pin, € 0.98 , € 0.98 ,Digikey,A107226-ND,Conn_01x03_Pin,Landroid_Motor_Conn:TE_179839,"Generic connector, single row, 01x03, script generated",,
L1,1,6.8uH 5A, € 0.77 , € 0.77 ,Digikey,308-2467-1-ND,L,Inductor_SMD:L_Vishay_IHLP-2525,Inductor,,
M1,1,Fan,,,,,Fan,Connector_PinHeader_2.54mm:PinHeader_1x02_P2.54mm_Vertical,Fan,,
"Q3, Q5",2,BSS138, € 0.15 , € 0.30 ,Digikey,4530-BSS138CT-ND,BSS138,Package_TO_SOT_SMD:SOT-23,"50V Vds, 0.22A Id, N-Channel MOSFET, SOT-23",,
Q6,1,Q_PMOS_GDS, € 1.03 , € 1.03 ,Digikey,IRFR5505PBFCT-ND,Q_PMOS_GDS,Package_TO_SOT_SMD:TO-252-2,"P-MOSFET transistor, gate/drain/source",,
"R1, R2, R4, R26, R28, R40, R42, R48, R50",9,10k, € 0.09 , € 0.81 ,Digikey,RMCF0805FT10K0CT-ND ,R,Resistor_SMD:R_0805_2012Metric_Pad1.20x1.40mm_HandSolder,Resistor,,
"R5, R27",2,150R, € 0.09 , € 0.18 ,Digikey,RMCF0805FT150RCT-ND,R,Resistor_SMD:R_0805_2012Metric_Pad1.20x1.40mm_HandSolder,Resistor,,
"R7, R13, R18, R43, R45, R47",6,1k, € 0.09 , € 0.54 ,Digikey,311-1.00KCRCT-ND,R,Resistor_SMD:R_0805_2012Metric_Pad1.20x1.40mm_HandSolder,Resistor,,
R8,1,5k, € 0.14 , € 0.14 ,Digikey,541-CRCW08055K00FKTACT-ND,R,Resistor_SMD:R_0805_2012Metric_Pad1.20x1.40mm_HandSolder,Resistor,,
"R44, R46",2,47k, € 0.13 , € 0.26 ,Digikey,1276-5377-1-ND,R,Resistor_SMD:R_0805_2012Metric_Pad1.20x1.40mm_HandSolder,Resistor,,
R49,1,4k7, € 0.09 , € 0.09 ,Digikey,541-4131-1-ND,R,Resistor_SMD:R_0805_2012Metric_Pad1.20x1.40mm_HandSolder,Resistor,,
R51,1,0.003R, € 0.55 , € 0.55 ,Digikey,YAG2138CT-ND,R,Resistor_SMD:R_2512_6332Metric_Pad1.40x3.35mm_HandSolder,Resistor,,
SW1,1,MK-11C04-G013,,,,,MK-11C04-G013,lcsc:SW-SMD_MK-11C04-G013,,,
"TP1, TP2, TP5",3,TestPoint,, € -   ,,,TestPoint,TestPoint:TestPoint_Pad_D2.0mm,test point,,
U2,1,MCP604, € 1.43 , € 1.43 ,Digikey,MCP604T-E/SLCT-ND,MCP604,Package_SO:SOIC-14_3.9x8.7mm_P1.27mm,"Quad 2.7V to 6.0V Single Supply CMOS Op Amps, DIP-14/SOIC-14/TSSOP-14",,
U3,1,SIP32509DT, € 0.44 , € 0.44 ,Digikey,SIP32509DT-T1-GE3CT-ND,SIP32509DT,Package_TO_SOT_SMD:SOT-23-6,,,
"U4, U5, U6",3,xESC2,, € -   ,,,xESC2,xESC2:xESC2,,,
U7,1,SN74LV1T34DBVR, € 0.36 , € 0.36 ,Digikey,296-37176-1-ND,SN74LV1T34DBV,Package_TO_SOT_SMD:SOT-23-5,"Single Power Supply, Single Buffer GATE, CMOS Logic, Level Shifter, SOT-23-5",,
"U9, U10",2,74HC4051, € 0.41 , € 0.82 ,Digikey,1727-3064-1-ND,74HC4051,Package_SO:SSOP-16_4.4x5.2mm_P0.65mm,"8-channel analog multiplexer/demultiplexer, DIP-16/SOIC-16/TSSOP-16",,
U11,1,Pico,,,,,RaspberryPi-PicoW,PicoW:Raspberry_Pi_Pico_THT,"Raspberry Pi Pico W, RP2040-based microcontroller board with wireless",,
XA1,1,Arduino_Uno_Shield,,,,,Arduino_Uno_Shield,MyModules:Arduino_Uno_Shield,,,
